{
  "model_id": "sac_v1",
  "backtest_date": "2024-05-10",
  "start_date": "2024-01-01",
  "end_date": "2024-04-30",
  "initial_balance": 10000.0,
  "final_balance": 11250.75,
  "metrics": {
    "total_return": 0.12507,
    "annualized_return": 0.3752,
    "sharpe_ratio": 1.85,
    "max_drawdown": 0.0625,
    "win_rate": 0.68,
    "profit_factor": 2.15,
    "average_profit": 45.25,
    "average_loss": -25.80,
    "total_trades": 85
  },
  "trades": [
    {
      "timestamp": "2024-01-05 10:15:30",
      "symbol": "AAPL",
      "side": "buy",
      "quantity": 10,
      "price": 170.25,
      "profit": 42.50
    },
    {
      "timestamp": "2024-01-12 14:22:45",
      "symbol": "MSFT",
      "side": "buy",
      "quantity": 5,
      "price": 310.75,
      "profit": 65.25
    },
    {
      "timestamp": "2024-02-03 09:45:12",
      "symbol": "GOOGL",
      "side": "sell",
      "quantity": 5,
      "price": 140.60,
      "profit": -15.25
    },
    {
      "timestamp": "2024-02-15 11:05:20",
      "symbol": "AMZN",
      "side": "buy",
      "quantity": 8,
      "price": 155.75,
      "profit": 72.00
    }
  ],
  "portfolio_values": [10000.0, 10120.5, 10180.25, 10080.75, 10150.25, 10350.75, 10580.25, 10750.50, 11050.25, 11250.75],
  "timestamps": ["2024-01-01", "2024-01-10", "2024-01-20", "2024-02-01", "2024-02-15", "2024-03-01", "2024-03-15", "2024-04-01", "2024-04-15", "2024-04-30"],
  "benchmark_values": [10000.0, 10050.25, 10080.75, 10020.50, 10150.25, 10220.75, 10280.50, 10340.25, 10380.50, 10420.75],
  "returns": [0.0, 0.0120, 0.0180, 0.0080, 0.0150, 0.0350, 0.0580, 0.0750, 0.1050, 0.1250],
  "benchmark_returns": [0.0, 0.0050, 0.0080, 0.0020, 0.0150, 0.0220, 0.0280, 0.0340, 0.0380, 0.0420],
  "drawdowns": [0.0, 0.0, 0.008, 0.0180, 0.012, 0.005, 0.0, 0.0, 0.0, 0.0]
} 